y,z
-1.530753821134567261e-01,1.685040354728698730e+00
-1.533353924751281738e-01,1.681860327720642090e+00
-1.542648971080780029e-01,1.678351879119873047e+00
-1.559536010026931763e-01,1.674530506134033203e+00
-1.587781757116317749e-01,1.670138478279113770e+00
-1.624137163162231445e-01,1.664966106414794922e+00
-1.656803339719772339e-01,1.660294294357299805e+00
-1.683263033628463745e-01,1.656109929084777832e+00
-1.705788075923919678e-01,1.652664422988891602e+00
-1.728211641311645508e-01,1.649177193641662598e+00
-1.735688894987106323e-01,1.646600484848022461e+00
-1.736972630023956299e-01,1.644420862197875977e+00
-1.735021471977233887e-01,1.642248630523681641e+00
-1.724917441606521606e-01,1.639853358268737793e+00
-1.700467914342880249e-01,1.637658834457397461e+00
-1.666181236505508423e-01,1.636135101318359375e+00
-1.633813977241516113e-01,1.634822964668273926e+00
-1.622167080640792847e-01,1.632587194442749023e+00
-1.621371507644653320e-01,1.630109548568725586e+00
-1.626400798559188843e-01,1.625932216644287109e+00
-1.654598265886306763e-01,1.622201919555664062e+00
-1.666683107614517212e-01,1.621030092239379883e+00
-1.664878576993942261e-01,1.618742465972900391e+00
-1.656765937805175781e-01,1.616628050804138184e+00
-1.642017215490341187e-01,1.615065693855285645e+00
-1.622783690690994263e-01,1.613650441169738770e+00
-1.597407758235931396e-01,1.612471580505371094e+00
-1.566169708967208862e-01,1.611294388771057129e+00
-1.567699313163757324e-01,1.612534046173095703e+00
-1.551605015993118286e-01,1.616385579109191895e+00
-1.546287536621093750e-01,1.621861338615417480e+00
-1.550497263669967651e-01,1.626291155815124512e+00
-1.523330062627792358e-01,1.631969928741455078e+00
-1.428139656782150269e-01,1.641830682754516602e+00
-1.277987360954284668e-01,1.651798963546752930e+00
-1.067428067326545715e-01,1.656763553619384766e+00
-8.449894189834594727e-02,1.653793811798095703e+00
-6.459700316190719604e-02,1.645779490470886230e+00
-5.249231681227684021e-02,1.630246639251708984e+00
-5.101796984672546387e-02,1.613401889801025391e+00
-5.299871042370796204e-02,1.590279221534729004e+00
-6.621576845645904541e-02,1.570441842079162598e+00
-9.958837926387786865e-02,1.580091238021850586e+00
-1.181347668170928955e-01,1.581054449081420898e+00
-1.350180506706237793e-01,1.585878133773803711e+00
-1.454828977584838867e-01,1.592677831649780273e+00
-1.539979577064514160e-01,1.598355650901794434e+00
-1.555166095495223999e-01,1.602092981338500977e+00
-1.555945575237274170e-01,1.607529282569885254e+00
-1.578646749258041382e-01,1.610942006111145020e+00
-1.599433869123458862e-01,1.611319422721862793e+00
-1.606547981500625610e-01,1.610807180404663086e+00
-1.614775359630584717e-01,1.610039591789245605e+00
-1.622199118137359619e-01,1.608438253402709961e+00
-1.626150012016296387e-01,1.605629682540893555e+00
-1.625351756811141968e-01,1.602598190307617188e+00
-1.612407565116882324e-01,1.598994970321655273e+00
-1.573315858840942383e-01,1.596799850463867188e+00
-1.557093560695648193e-01,1.594823718070983887e+00
-1.548049300909042358e-01,1.591968297958374023e+00
-1.557309776544570923e-01,1.586781144142150879e+00
-1.553537845611572266e-01,1.581594705581665039e+00
-1.533490121364593506e-01,1.575525641441345215e+00
-1.495834589004516602e-01,1.571812868118286133e+00
-1.464564502239227295e-01,1.569151759147644043e+00
-1.432114392518997192e-01,1.567249774932861328e+00
-1.390977948904037476e-01,1.566346883773803711e+00
-1.339561343193054199e-01,1.565502405166625977e+00
-1.273096948862075806e-01,1.563887596130371094e+00
-1.198963522911071777e-01,1.562619805335998535e+00
-1.106341108679771423e-01,1.561143040657043457e+00
-9.723205864429473877e-02,1.558515191078186035e+00
-9.088966995477676392e-02,1.545609831809997559e+00
-8.959470689296722412e-02,1.531204462051391602e+00
-8.440660685300827026e-02,1.517882227897644043e+00
-7.998115569353103638e-02,1.504251956939697266e+00
3.772534057497978210e-02,1.511591434478759766e+00
3.353869915008544922e-02,1.522320628166198730e+00
3.031531348824501038e-02,1.535646438598632812e+00
2.636737935245037079e-02,1.553722500801086426e+00
2.253904193639755249e-02,1.571789383888244629e+00
2.036833390593528748e-02,1.588151335716247559e+00
1.932991482317447662e-02,1.602454304695129395e+00
2.061392553150653839e-02,1.618175148963928223e+00
2.367634139955043793e-02,1.630020380020141602e+00
2.901073917746543884e-02,1.639219760894775391e+00
3.490893170237541199e-02,1.647485256195068359e+00
3.974814340472221375e-02,1.656176090240478516e+00
4.504544287919998169e-02,1.666303634643554688e+00
5.056830123066902161e-02,1.678678870201110840e+00
5.326366797089576721e-02,1.694231510162353516e+00
5.336697772145271301e-02,1.711441278457641602e+00
5.368090420961380005e-02,1.729001283645629883e+00
4.638125747442245483e-02,1.750864028930664062e+00
3.205556422472000122e-02,1.771321415901184082e+00
9.596277028322219849e-03,1.789591193199157715e+00
-2.526482008397579193e-02,1.799057126045227051e+00
-6.086669489741325378e-02,1.799999952316284180e+00
-8.619724959135055542e-02,1.796225070953369141e+00
-1.077862977981567383e-01,1.788339614868164062e+00
-1.205530166625976562e-01,1.781402230262756348e+00
-1.309743374586105347e-01,1.771798968315124512e+00
-1.395500004291534424e-01,1.761268138885498047e+00
-1.450667232275009155e-01,1.751828432083129883e+00
-1.486136466264724731e-01,1.744850397109985352e+00
-1.511899381875991821e-01,1.739083170890808105e+00
-1.530049145221710205e-01,1.733788728713989258e+00
-1.545857787132263184e-01,1.728264451026916504e+00
-1.559402644634246826e-01,1.722260832786560059e+00
-1.571468561887741089e-01,1.715546846389770508e+00
-1.575486063957214355e-01,1.709381341934204102e+00
-1.571511328220367432e-01,1.703517556190490723e+00
-1.560035198926925659e-01,1.697164416313171387e+00
-1.544226706027984619e-01,1.691658258438110352e+00
-1.534274965524673462e-01,1.687825560569763184e+00
